accession_number,title,author,publisher,YEAR,call_number,STATUS
ACC-0001,Introduction to Algorithms,Thomas Cormen,MIT Press,2009,QA76.6 C66,Available
ACC-0002,Clean Code,Robert Martin,Prentice Hall,2008,QA76.76 C66,Available
ACC-0003,The Pragmatic Programmer,Andrew Hunt,Addison-Wesley,1999,QA76.6 H86,Available
ACC-0004,Design Patterns,Erich Gamma,Addison-Wesley,1994,QA76.64 D47,Available
ACC-0005,Artificial Intelligence: A Modern Approach,Stuart Russell,Pearson,2020,Q335 R87,Available
ACC-0006,Structure and Interpretation of Computer Programs,Harold Abelson,MIT Press,1996,QA76.6 A23,Available
ACC-0007,Code Complete,Steve McConnell,Microsoft Press,2004,QA76.76 M33,Available
ACC-0008,Refactoring,Martin Fowler,Addison-Wesley,1999,QA76.76 R43,Available
ACC-0009,The Mythical Man-Month,Frederick Brooks,Addison-Wesley,1995,QA76.76 M98,Available
ACC-0010,Head First Design Patterns,Eric Freeman,O'Reilly,2004,QA76.64 F73,Available
ACC-0011,Effective Java,Joshua Bloch,Addison-Wesley,2018,QA76.73 J38,Available
ACC-0012,JavaScript: The Good Parts,Douglas Crockford,O'Reilly,2008,QA76.73 J39,Available
ACC-0013,Python Crash Course,Eric Matthes,No Starch Press,2019,QA76.73 P98,Available
ACC-0014,Learning React,Alex Banks,O'Reilly,2020,QA76.76 R42,Available
ACC-0015,Pro ASP.NET Core 6,Adam Freeman,Apress,2022,QA76.625 F74,Available
ACC-0016,Domain-Driven Design,Eric Evans,Addison-Wesley,2003,QA76.76 D47,Available
ACC-0017,Test Driven Development,Kent Beck,Addison-Wesley,2002,QA76.76 T48,Available
ACC-0018,The Clean Coder,Robert Martin,Prentice Hall,2011,QA76.76 C67,Available
ACC-0019,Working Effectively with Legacy Code,Michael Feathers,Prentice Hall,2004,QA76.76 L43,Available
ACC-0020,Patterns of Enterprise Application Architecture,Martin Fowler,Addison-Wesley,2002,QA76.76 E58,Available
ACC-0021,Computer Networking: A Top-Down Approach,James Kurose,Pearson,2021,TK5105.875 K87,Borrowed
ACC-0022,Operating System Concepts,Abraham Silberschatz,Wiley,2018,QA76.76 O63,Borrowed
ACC-0023,Database System Concepts,Abraham Silberschatz,McGraw-Hill,2019,QA76.9 D3,Borrowed
ACC-00234,asd,asd,asd,asd,asd,Borrowed
ACC-0024,Compilers: Principles Techniques and Tools,Alfred Aho,Pearson,2006,QA76.76 C65,Lost
ACC-0025,Modern Operating Systems,Andrew Tanenbaum,Pearson,2014,QA76.76 O63,Available
ACC-0026,The C Programming Language,Brian Kernighan,Prentice Hall,1988,QA76.73 C15,Available
ACC-0027,The Art of Computer Programming Vol 1,Donald Knuth,Addison-Wesley,1997,QA76.6 K68,Available
ACC-0028,Don't Make Me Think,Steve Krug,New Riders,2014,QA76.9 H85,Available
ACC-0029,Sprint,Jake Knapp,Simon & Schuster,2016,HD69 P75,Available
ACC-0030,Hooked,Nir Eyal,Portfolio,2014,HF5415.153 E93,Available
ACC-0031,Deep Learning,Ian Goodfellow,MIT Press,2016,Q325.5 G66,Available
ACC-0032,Hands-On Machine Learning,Aurélien Géron,O'Reilly,2019,Q325.5 G47,Available
ACC-0033,Pattern Recognition and Machine Learning,Christopher Bishop,Springer,2006,Q327 B57,Available
ACC-0034,Data Science for Business,Foster Provost,O'Reilly,2013,HF5548.2 P76,Available
ACC-0035,The Signal and the Noise,Nate Silver,Penguin,2012,QA279.5 S55,Available
ACC-0036,Superintelligence,Nick Bostrom,Oxford University Press,2014,Q335 B67,Available
ACC-0037,Life 3.0,Max Tegmark,Knopf,2017,Q335 T44,Available
ACC-0038,Thinking Fast and Slow,Daniel Kahneman,Farrar Straus and Giroux,2011,BF441 K23,Available
ACC-0039,Atomic Habits,James Clear,Avery,2018,BF637 H32,Available
ACC-0040,Essentialism,Greg McKeown,Crown Currency,2014,BF637 S4,Available
ACC-0041,Principles,Ray Dalio,Simon & Schuster,2017,HG4928.5 D35,Available
ACC-0042,Zero to One,Peter Thiel,Crown Business,2014,HD62.5 T54,Available
ACC-0043,The Lean Startup,Eric Ries,Crown Business,2011,HD62.5 R54,Available
ACC-0044,Start with Why,Simon Sinek,Portfolio,2009,HD57.7 S55,Available
ACC-0045,Good to Great,Jim Collins,HarperBusiness,2001,HD57.7 C65,Available
ACC-0046,Rich Dad Poor Dad,Robert Kiyosaki,Plata Publishing,2017,HG179 K59,Available
ACC-0047,The Psychology of Money,Morgan Housel,Harriman House,2020,HG222.3 H68,Available
ACC-0048,Measure What Matters,John Doerr,Portfolio,2018,HD58.9 D64,Available
ACC-0049,Grit,Angela Duckworth,Scribner,2016,BF637 P4,Available
ACC-0050,Mindset,Carol Dweck,Random House,2006,BF637 S4,Available
ACC-0088,NewBOOK,NewBOOK,NewBOOK,2022,Q335 R85,Available
