id,tx_id,student_number,accession_number,resolution_type,status,created_at
7,fa8a1cce-624,23-0717,ACC-0005,same_book,resolved,2025-11-23 17:47:09
8,a0916634-e30,23-0717,ACC-0024,similar_value,resolved,2025-11-23 17:48:45
9,b41c2130-2de,23-0717,ACC-0024,same_book,resolved,2025-11-23 18:03:55
10,28160293-18e,23-0717,ACC-0024,similar_value,pending,2025-11-23 18:32:27
11,098bcef6-5de,23-0717,ACC-0005,same_book,resolved,2025-11-23 18:45:49
12,1dbbdd49-ada,23-0717,ACC-0005,similar_value,resolved,2025-11-23 19:12:36
13,a0bc9f43-9a4,23-0717,ACC-0005,similar_value,resolved,2025-11-23 19:29:04
14,595de1eb-427,23-0717,ACC-0039,same_book,resolved,2025-11-23 19:31:53
15,f7037662-428,23-0717,ACC-0035,similar_value,resolved,2025-11-23 20:04:30
16,f8de023d-70b,23-0717,ACC-0002,similar_value,resolved,2025-11-23 20:06:16
17,72ecccb2-f8d,23-0717,ACC-0001,similar_value,resolved,2025-11-23 20:17:56
18,ffb96d7c-8bb,23-0717,ACC-0003,similar_value,resolved,2025-11-23 20:30:08
19,0bd778a3-1e3,23-0717,ACC-0042,similar_value,resolved,2025-11-23 20:36:34
20,d070c219-bc0,23-0717,ACC-0007	,similar_value,pending,2025-11-23 20:43:21
21,ff8d1fb7-628,23-0717,ACC-0024,similar_value,resolved,2025-11-23 20:45:43
22,aee9f7ef-404,23-0717,ACC-0034,similar_value,resolved,2025-11-23 21:08:39
23,2bf357a6-604,23-0717,ACC-0021,similar_value,resolved,2025-11-23 21:09:50
24,9488a6cd-d42,23-0717,ACC-0021,similar_value,resolved,2025-11-23 21:16:54
25,24c1f366-7f6,23-0717,ACC-0024,similar_value,pending,2025-11-23 23:27:34
26,8f8bc04b-8c7,23-0717,ACC-0039,similar_value,resolved,2025-11-24 13:43:52
