id,student_number,student_name,course,department,contact,PASSWORD
50,23-0717,Aldrin S. Samson,BSCS,CCSICT,aldrinsamson07@gmail.com,Aldrin123456@
61,23-2001,Mary angel C. Nayga,CCSICT,CS,aldrinsamson07@gmail.com,Aldrin1234
62,23-2002,Doerson Bernardo,CCSICT,CS,aldrinsamson07@gmail.com,sad
63,23-2003,Student1,course1,dept1,aldrinsamson07@gmail.com,Aldrin123456@
64,23-9999,Aldrin samson,CS,ccsict,aldrinsamson07@gmail.com,aldrin9999
65,23-7777,Pepito Manaloto,CS,CCSICT,aldrinsamson07@gmail.com,pepito7777
